Student_ID,Gender,Age,Study_Hours,Attendance,Previous_Score,Assignment_Score,Midterm_Score,Internet_Access,Extracurricular_Activities,Final_Score
STU0001,Male,22,2.4,61.4,91.5,72.4,50.1,Yes,Yes,61.03
STU0002,Female,17,8.9,70.7,43.5,91.1,81.6,Yes,No,62.28
STU0003,Male,17,8.8,75.3,85.4,97.5,66.1,Yes,Yes,75.05
STU0004,Male,17,1.3,88.7,56.1,73.9,52.4,Yes,No,54.09
STU0005,Male,21,8.4,84.3,64.4,70.9,73.9,Yes,No,61.96
STU0006,Female,20,,82.9,41.2,45.1,42.2,Yes,Yes,42.68
STU0007,Male,21,4.0,70.9,56.6,72.9,57.9,Yes,Yes,52.99
STU0008,Male,20,7.7,92.9,67.6,62.8,65.8,Yes,No,66.67
STU0009,Male,21,2.4,76.2,43.1,76.4,48.1,Yes,No,44.34
STU0010,Female,21,8.4,99.1,67.0,63.3,94.2,Yes,No,65.39
STU0011,Male,22,8.5,83.5,91.0,54.4,51.5,,No,65.93
STU0012,Male,19,5.6,60.7,45.8,45.7,47.2,No,No,45.68
STU0013,Male,21,1.1,85.4,82.0,58.9,51.2,Yes,No,57.29
STU0014,Male,22,3.6,69.6,62.5,45.8,82.3,Yes,Yes,57.91
STU0015,Female,18,6.6,85.9,76.0,50.6,63.4,Yes,Yes,60.55
STU0016,Male,19,9.8,58.1,54.3,99.2,71.1,Yes,Yes,62.47
STU0017,Female,21,6.7,62.9,48.8,66.6,41.2,Yes,Yes,45.73
STU0018,Female,17,3.3,93.5,48.8,71.9,41.9,Yes,No,56.12
STU0019,Female,18,6.7,65.2,43.9,92.4,64.5,Yes,Yes,62.53
STU0020,Male,18,5.9,92.7,50.2,99.7,84.9,Yes,Yes,68.03
STU0021,Female,22,8.0,67.6,76.5,75.0,88.7,Yes,No,64.6
STU0022,Male,18,2.0,83.9,88.5,88.7,44.8,Yes,Yes,65.74
STU0023,Female,19,7.8,86.2,84.8,59.6,69.6,Yes,No,63.15
STU0024,Female,21,5.9,78.1,77.7,58.3,90.2,Yes,No,72.81
STU0025,Female,21,9.7,68.7,46.1,64.2,61.3,Yes,No,50.91
STU0026,Female,17,,64.6,55.9,80.4,85.6,Yes,No,57.15
STU0027,Female,22,6.7,56.5,57.0,80.9,47.4,Yes,No,46.58
STU0028,Female,17,9.4,68.7,53.7,58.9,91.4,No,Yes,61.19
STU0029,Female,18,1.9,84.4,68.3,48.0,81.3,Yes,Yes,62.48
STU0030,Female,17,9.4,97.2,69.5,77.9,91.8,Yes,Yes,68.76
STU0031,Male,19,7.2,94.2,59.6,47.7,77.2,Yes,No,61.53
STU0032,Male,21,1.6,89.5,59.5,74.7,60.0,Yes,Yes,52.78
STU0033,Female,18,3.7,90.5,85.6,81.6,91.6,Yes,Yes,73.18
STU0034,Female,17,7.4,84.9,83.4,82.0,55.2,Yes,Yes,65.78
STU0035,Female,22,1.6,66.7,56.9,85.2,58.3,Yes,Yes,59.6
STU0036,Male,19,6.2,95.8,90.3,92.4,78.5,Yes,No,71.63
STU0037,Female,19,4.1,85.2,92.4,70.0,82.1,Yes,Yes,65.03
STU0038,Male,17,6.6,80.2,58.0,83.8,91.1,No,No,60.99
STU0039,Male,21,1.4,60.0,59.5,77.2,51.3,Yes,No,45.49
STU0040,Male,17,8.8,75.1,67.8,51.2,83.9,Yes,Yes,64.19
STU0041,Male,18,9.8,75.7,91.8,41.5,80.6,Yes,No,69.13
STU0042,Male,17,9.7,93.9,88.2,57.1,43.5,Yes,No,62.84
STU0043,Female,19,7.7,79.6,45.6,66.6,61.3,Yes,No,56.82
STU0044,Female,17,2.2,72.1,61.6,77.0,55.6,Yes,No,54.8
STU0045,Female,21,7.8,99.0,70.4,91.0,56.7,Yes,No,65.44
STU0046,Female,22,1.2,60.0,67.7,51.8,94.1,Yes,No,55.77
STU0047,Female,20,1.2,74.0,50.7,47.5,75.4,No,No,50.29
STU0048,Male,17,3.9,56.9,87.2,97.8,79.5,Yes,Yes,60.17
STU0049,Female,21,5.4,88.3,77.2,46.5,93.7,Yes,Yes,66.34
STU0050,Female,21,7.9,96.3,86.1,68.7,60.7,No,No,66.44
STU0051,Male,22,7.1,67.6,87.2,75.1,84.1,,No,68.64
STU0052,Female,19,5.0,93.6,81.2,72.5,63.9,Yes,Yes,65.77
STU0053,Male,21,3.5,68.1,64.2,45.2,87.8,Yes,Yes,55.43
STU0054,Female,21,10.0,96.0,73.6,43.4,49.9,Yes,Yes,54.76
STU0055,Male,21,4.8,88.9,48.8,46.3,92.1,Yes,Yes,58.24
STU0056,Female,21,5.1,91.2,77.1,75.1,52.0,Yes,No,64.51
STU0057,Female,18,2.5,55.8,49.9,72.7,57.9,Yes,No,43.68
STU0058,Male,18,8.2,98.3,78.2,54.0,81.6,Yes,Yes,67.38
STU0059,Male,19,7.2,87.7,52.6,78.3,61.7,Yes,Yes,58.64
STU0060,Male,17,3.0,68.7,46.5,89.2,73.5,Yes,Yes,52.85
STU0061,Male,21,1.7,92.3,49.1,42.5,64.5,Yes,Yes,50.1
STU0062,Male,22,7.1,67.7,40.1,69.9,80.8,Yes,No,53.65
STU0063,Male,17,6.9,94.3,79.5,81.4,52.6,Yes,Yes,60.63
STU0064,Male,22,3.5,60.1,80.3,55.1,43.2,Yes,Yes,52.06
STU0065,Male,17,9.6,86.7,68.3,58.5,56.5,Yes,Yes,54.82
STU0066,Female,19,2.4,79.3,48.9,76.8,66.1,Yes,No,58.56
STU0067,Female,21,4.9,59.3,44.6,93.9,49.2,Yes,No,57.19
STU0068,Male,21,9.5,65.9,41.1,88.6,59.5,Yes,No,48.66
STU0069,Female,20,4.8,55.6,49.1,75.0,62.0,Yes,Yes,50.89
STU0070,Female,22,6.7,76.1,89.0,83.8,43.2,Yes,Yes,58.86
STU0071,Female,17,4.6,68.6,53.3,61.9,72.1,Yes,Yes,56.59
STU0072,Female,17,3.5,81.9,59.5,78.5,88.6,No,No,58.59
STU0073,Male,18,9.9,68.4,45.8,68.0,48.3,Yes,No,49.82
STU0074,Female,20,4.7,68.5,52.2,51.4,72.9,Yes,Yes,48.2
STU0075,Male,18,9.0,88.4,68.6,82.1,76.6,Yes,Yes,65.13
STU0076,Female,18,3.1,57.2,73.4,73.4,63.1,No,No,51.51
STU0077,Female,18,2.9,95.6,53.5,61.5,78.6,Yes,Yes,62.75
STU0078,Female,22,1.3,93.4,43.2,94.7,62.6,Yes,Yes,55.38
STU0079,Male,22,6.9,85.1,61.5,41.3,67.8,Yes,Yes,57.03
STU0080,Female,19,4.3,81.7,52.9,58.9,40.4,Yes,No,47.68
STU0081,Male,19,8.8,95.2,52.1,43.4,78.0,Yes,Yes,57.26
STU0082,Female,18,5.3,63.3,92.8,86.0,76.4,Yes,Yes,66.78
STU0083,Male,20,9.7,58.6,73.9,82.1,42.1,Yes,Yes,51.18
STU0084,Female,17,2.7,65.8,70.6,59.9,60.3,Yes,Yes,54.39
STU0085,Male,22,8.8,90.8,62.9,80.5,93.8,No,No,73.48
STU0086,Male,20,8.0,56.6,63.6,63.8,63.1,Yes,No,49.26
STU0087,Female,21,7.9,81.2,69.7,85.4,67.6,Yes,No,67.14
STU0088,Male,22,8.6,99.8,78.3,67.3,90.0,Yes,Yes,76.42
STU0089,Female,22,7.8,93.5,78.6,64.7,79.4,Yes,No,64.35
STU0090,Female,19,6.6,78.5,49.4,96.1,72.0,Yes,Yes,54.53
STU0091,Female,17,2.2,57.9,67.5,55.1,83.9,Yes,No,56.11
STU0092,Female,17,1.3,92.4,62.7,47.2,87.5,Yes,Yes,58.9
STU0093,Female,21,9.3,82.0,87.9,75.1,65.1,Yes,No,72.51
STU0094,Female,21,6.5,60.2,74.7,98.2,66.1,Yes,No,61.16
STU0095,Female,22,8.2,59.2,69.3,62.7,61.2,Yes,No,50.66
STU0096,Female,18,5.3,95.9,46.3,43.7,93.2,Yes,Yes,54.81
STU0097,Female,19,2.1,85.1,73.3,60.4,78.3,Yes,Yes,65.96
STU0098,Female,19,2.1,92.3,46.4,70.4,44.6,Yes,Yes,49.76
STU0099,Female,22,7.2,94.6,58.5,49.7,87.5,Yes,No,61.84
STU0100,Male,20,4.9,80.7,47.9,79.5,66.4,Yes,Yes,59.16
STU0101,Male,18,,78.3,78.1,99.9,43.8,Yes,Yes,59.31
STU0102,Female,22,5.4,74.4,51.3,67.1,70.2,Yes,Yes,54.11
STU0103,Female,18,1.6,69.3,61.6,61.3,62.9,Yes,Yes,52.65
STU0104,Female,18,6.2,74.6,89.3,64.0,88.3,Yes,Yes,69.5
STU0105,Female,18,3.4,89.8,51.2,46.9,51.2,Yes,Yes,52.51
STU0106,Female,22,8.2,82.1,67.9,93.0,85.5,Yes,No,66.79
STU0107,Female,19,3.8,95.2,63.1,64.9,70.7,Yes,No,61.5
STU0108,Female,19,5.1,75.0,41.0,63.2,43.0,No,Yes,44.45
STU0109,Female,18,1.1,82.3,83.6,79.6,93.5,Yes,No,64.67
STU0110,Male,20,1.7,83.4,43.8,66.5,68.2,Yes,No,54.12
STU0111,Female,17,4.5,81.6,66.1,78.9,56.0,No,Yes,64.94
STU0112,Male,22,5.3,86.6,70.8,43.7,65.8,Yes,Yes,54.33
STU0113,Female,17,6.4,65.7,74.6,88.8,87.2,Yes,No,62.31
STU0114,Female,20,3.6,78.1,77.9,96.4,56.8,Yes,Yes,60.08
STU0115,Male,22,7.3,59.7,53.9,78.9,50.6,Yes,No,52.41
STU0116,Female,18,8.7,72.3,40.5,97.3,47.1,No,No,53.18
STU0117,Male,19,8.0,76.9,79.8,49.1,56.4,Yes,No,56.4
STU0118,Female,17,1.4,84.4,69.5,68.6,82.9,Yes,Yes,59.85
STU0119,Female,21,5.3,97.8,86.0,76.1,65.9,Yes,No,68.89
STU0120,Male,21,1.9,82.0,85.2,74.9,52.5,Yes,Yes,55.94
STU0121,Female,20,3.2,88.5,86.4,64.1,49.1,Yes,Yes,61.58
STU0122,Male,18,9.9,77.8,66.7,60.3,58.3,Yes,Yes,59.33
STU0123,Female,17,2.3,83.5,58.3,47.6,91.7,Yes,Yes,54.46
STU0124,Male,18,5.5,58.2,83.5,63.5,58.9,Yes,Yes,50.61
STU0125,Male,17,6.6,66.4,64.8,49.8,94.3,Yes,No,63.85
STU0126,Female,20,7.3,71.3,50.1,84.1,66.7,Yes,Yes,53.34
STU0127,Female,20,6.0,76.3,87.0,52.5,49.9,Yes,Yes,61.45
STU0128,Male,21,1.1,57.1,88.5,43.5,89.0,Yes,Yes,58.67
STU0129,Female,18,3.9,61.3,65.6,73.1,65.3,Yes,Yes,54.05
STU0130,Female,22,5.7,67.5,44.2,75.7,79.0,Yes,Yes,55.62
STU0131,Female,21,1.8,98.7,61.3,92.3,94.1,Yes,No,66.93
STU0132,Male,18,4.2,69.9,84.2,74.6,42.8,Yes,Yes,57.4
STU0133,Male,21,1.3,76.7,89.6,60.7,45.3,No,Yes,56.34
STU0134,Male,22,1.7,63.8,51.2,88.2,79.6,Yes,No,51.67
STU0135,Male,19,4.6,82.5,43.7,72.4,55.5,Yes,Yes,53.04
STU0136,Male,19,2.2,67.6,88.3,44.8,50.1,Yes,No,53.16
STU0137,Male,19,6.1,64.3,61.4,74.0,42.2,No,No,49.58
STU0138,Male,19,7.2,78.2,69.8,94.5,41.2,Yes,No,54.13
STU0139,Male,17,8.2,55.2,93.2,63.8,82.6,Yes,No,68.58
STU0140,Male,19,2.8,55.3,43.7,57.8,47.4,Yes,Yes,44.81
STU0141,Female,22,2.5,64.9,75.7,48.6,65.7,Yes,Yes,57.46
STU0142,Male,20,1.9,56.7,44.1,49.1,73.3,Yes,No,44.8
STU0143,Female,20,6.7,59.9,60.7,66.0,63.6,Yes,No,46.13
STU0144,Female,17,7.4,70.2,84.2,75.7,41.5,Yes,Yes,64.32
STU0145,Female,19,1.3,91.1,63.8,44.8,83.1,Yes,No,59.35
STU0146,Male,19,9.4,80.7,94.8,96.4,40.6,Yes,No,63.11
STU0147,Male,19,1.5,78.1,70.7,85.3,81.9,Yes,No,65.76
STU0148,Male,21,5.9,68.2,57.7,75.2,89.1,Yes,Yes,63.68
STU0149,Male,18,7.4,96.9,52.1,89.7,63.8,Yes,No,61.81
STU0150,Female,21,8.8,72.9,59.3,44.8,69.5,Yes,Yes,57.54
STU0151,Male,18,7.4,58.9,60.5,68.6,66.2,Yes,Yes,56.74
STU0152,Male,19,8.2,82.8,43.8,77.8,61.4,Yes,Yes,50.82
STU0153,Male,19,4.1,60.1,60.3,89.7,88.8,Yes,No,57.89
STU0154,Male,21,8.3,70.5,65.5,87.0,89.2,Yes,No,67.62
STU0155,Male,21,1.7,77.8,79.8,56.6,58.5,Yes,Yes,48.07
STU0156,Female,18,9.1,94.3,76.1,96.5,73.8,Yes,Yes,70.12
STU0157,Male,20,5.9,77.2,79.0,47.5,91.0,Yes,Yes,58.11
STU0158,Female,18,8.4,86.6,40.5,92.5,92.9,Yes,No,61.48
STU0159,Male,21,5.1,99.7,52.0,98.3,68.0,Yes,No,63.15
STU0160,Female,22,6.8,60.9,76.4,50.6,64.9,No,Yes,53.04
STU0161,Male,21,5.7,67.4,66.6,83.3,55.3,Yes,Yes,54.13
STU0162,Male,22,7.6,72.8,40.3,42.4,92.7,Yes,No,48.52
STU0163,Female,17,1.7,74.0,84.2,64.3,47.9,Yes,Yes,64.88
STU0164,Female,21,1.5,73.5,82.5,71.0,71.9,Yes,No,68.63
STU0165,Female,17,3.2,95.8,70.2,74.8,55.5,Yes,No,57.45
STU0166,Male,20,2.4,87.1,43.7,96.2,55.3,Yes,Yes,61.55
STU0167,Female,18,8.8,82.4,82.2,80.3,62.3,Yes,Yes,63.37
STU0168,Male,22,3.0,68.9,72.1,68.9,94.9,Yes,No,63.49
STU0169,Male,18,9.8,92.1,83.0,88.6,43.0,Yes,No,64.44
STU0170,Female,17,4.0,98.0,81.3,97.0,71.8,Yes,No,69.21
STU0171,Female,22,2.6,92.0,84.2,41.3,44.5,No,No,60.3
STU0172,Male,18,8.1,55.1,68.5,99.0,48.5,Yes,No,55.7
STU0173,Male,21,6.9,83.6,47.7,45.2,64.2,Yes,Yes,49.51
STU0174,Female,19,5.5,57.3,76.9,88.9,68.1,Yes,No,55.21
STU0175,Female,17,6.0,66.6,74.1,56.8,54.2,Yes,No,50.49
STU0176,Female,18,7.5,57.7,80.8,47.9,57.4,Yes,No,47.16
STU0177,Male,17,3.1,82.2,49.3,66.4,44.8,Yes,Yes,49.93
STU0178,Male,17,10.0,85.9,50.7,78.6,56.7,Yes,Yes,52.31
STU0179,Male,22,9.8,60.2,89.0,62.9,93.2,Yes,No,64.4
STU0180,Male,22,6.9,72.3,81.2,43.3,92.0,Yes,No,67.14
STU0181,Male,19,2.8,75.5,90.0,76.0,58.4,Yes,Yes,66.89
STU0182,Male,21,7.1,71.6,81.7,94.1,71.4,Yes,Yes,65.74
STU0183,Female,17,1.6,60.4,72.8,63.0,90.0,Yes,Yes,58.92
STU0184,Male,18,1.3,73.9,76.0,53.0,40.3,Yes,Yes,58.08
STU0185,Male,20,3.3,88.8,88.9,66.6,84.6,Yes,No,71.09
STU0186,Male,17,5.2,58.2,71.8,42.9,92.2,Yes,Yes,55.42
STU0187,Female,17,8.8,58.6,74.8,89.2,45.0,Yes,No,50.56
STU0188,Male,19,7.5,71.0,48.6,89.6,48.9,Yes,No,53.72
STU0189,Male,21,7.7,97.4,66.1,75.3,92.8,Yes,Yes,72.1
STU0190,Female,20,4.8,85.1,79.4,61.2,69.6,Yes,Yes,60.33
STU0191,Male,22,4.1,85.5,54.9,88.0,40.8,Yes,Yes,55.65
STU0192,Male,22,4.3,71.3,51.1,73.3,54.2,No,Yes,49.8
STU0193,Male,18,9.9,81.7,57.3,89.6,64.7,Yes,No,59.82
STU0194,Male,20,1.4,55.5,53.3,77.9,78.1,Yes,No,44.38
STU0195,Male,22,8.8,83.6,51.8,87.1,80.3,Yes,No,61.27
STU0196,Female,18,6.2,96.1,63.4,75.9,94.7,Yes,Yes,71.83
STU0197,Female,21,4.9,82.6,89.9,64.8,55.8,Yes,No,60.2
STU0198,Female,18,7.5,94.3,67.9,97.5,69.6,Yes,Yes,67.8
STU0199,Male,22,5.4,87.6,50.3,72.5,69.3,No,No,54.91
STU0200,Male,19,8.9,60.4,44.2,76.3,62.3,No,Yes,51.11
STU0201,Male,19,9.1,95.6,78.3,53.2,49.3,Yes,No,59.33
STU0202,Female,19,4.8,58.0,61.1,77.5,93.8,Yes,No,56.0
STU0203,Male,22,3.5,79.0,85.2,74.3,86.9,No,Yes,72.5
STU0204,Male,19,6.3,61.4,76.3,51.1,67.4,Yes,No,58.11
STU0205,Female,20,9.2,55.5,83.8,43.6,73.2,Yes,No,53.88
STU0206,Male,21,2.9,74.0,55.0,76.3,52.5,Yes,Yes,54.24
STU0207,Female,18,6.6,68.3,78.1,85.8,69.9,Yes,Yes,64.47
STU0208,Female,18,6.7,76.9,54.5,71.4,78.2,Yes,Yes,60.35
STU0209,Female,22,7.6,81.0,91.6,53.6,68.3,Yes,Yes,57.86
STU0210,Male,19,2.2,57.0,75.0,80.0,94.5,Yes,Yes,66.11
STU0211,Male,19,7.4,60.5,57.8,44.8,73.6,Yes,No,48.54
STU0212,Male,17,9.2,80.1,54.8,66.5,60.4,Yes,Yes,53.78
STU0213,Male,21,2.6,70.4,50.5,49.8,82.5,Yes,No,61.78
STU0214,Male,20,3.1,87.8,78.2,51.1,49.4,Yes,No,58.03
STU0215,Male,18,9.7,84.4,52.0,52.1,61.1,Yes,Yes,52.0
STU0216,Male,17,2.6,93.1,72.7,63.2,59.1,Yes,No,52.71
STU0217,Female,17,8.7,86.2,54.6,43.1,63.7,No,No,58.25
STU0218,Male,22,5.4,74.3,76.4,63.9,83.0,No,Yes,57.89
STU0219,Female,18,3.2,85.3,84.8,70.7,66.6,Yes,No,60.95
STU0220,Male,22,8.8,67.4,82.8,69.0,83.7,Yes,Yes,63.04
STU0221,Male,20,5.0,68.8,81.8,63.0,71.7,Yes,Yes,65.23
STU0222,Male,17,5.6,90.5,50.3,90.3,58.8,Yes,Yes,61.5
STU0223,Female,17,4.2,75.1,44.9,48.7,84.5,No,No,52.16
STU0224,Female,21,6.3,90.9,78.4,70.3,53.1,Yes,No,62.98
STU0225,Female,20,2.5,92.0,60.3,43.7,52.3,Yes,No,50.68
STU0226,Female,17,4.5,93.6,63.8,44.3,67.7,Yes,No,58.03
STU0227,Male,20,9.7,96.2,41.7,74.4,54.3,Yes,Yes,55.61
STU0228,Female,18,3.3,74.4,54.3,74.0,40.5,Yes,No,53.13
STU0229,Male,19,6.9,69.3,41.9,92.7,75.7,Yes,Yes,59.39
STU0230,Male,17,3.9,81.2,88.4,73.5,68.1,Yes,No,67.04
STU0231,Female,21,8.0,71.7,53.4,97.6,64.5,Yes,No,56.84
STU0232,Female,18,2.2,82.0,70.7,42.9,93.2,Yes,No,63.78
STU0233,Female,20,9.7,86.8,42.1,45.9,71.4,Yes,No,52.21
STU0234,Female,22,5.1,86.0,76.7,42.6,87.5,Yes,No,59.12
STU0235,Female,18,3.1,71.9,57.8,51.1,47.7,Yes,Yes,46.62
STU0236,Female,17,1.7,62.5,89.4,72.5,71.3,Yes,No,61.84
STU0237,Female,20,2.5,74.4,88.8,78.7,87.7,Yes,No,71.55
STU0238,Female,19,5.7,61.4,57.9,42.7,72.1,Yes,No,49.19
STU0239,Male,18,4.0,95.1,89.6,96.8,79.5,No,No,70.23
STU0240,Female,17,8.5,70.6,94.8,90.5,60.5,Yes,Yes,66.64
STU0241,Female,21,4.9,62.0,85.4,57.8,45.1,Yes,No,53.96
STU0242,Male,22,3.2,56.1,86.5,44.6,65.2,Yes,Yes,54.92
STU0243,Female,20,6.6,84.1,53.7,50.2,61.7,Yes,No,56.2
STU0244,Male,18,7.4,83.7,71.7,47.6,87.7,Yes,Yes,65.92
STU0245,Male,18,2.5,70.3,43.7,47.4,53.4,Yes,Yes,42.55
STU0246,Female,19,2.5,58.2,45.2,71.1,93.2,Yes,Yes,51.7
STU0247,Male,19,1.3,73.4,94.9,54.8,92.7,Yes,Yes,63.23
STU0248,Male,21,7.6,69.0,58.0,61.5,53.6,Yes,Yes,53.44
STU0249,Male,22,7.0,85.5,81.2,99.4,59.1,Yes,No,72.17
STU0250,Male,21,5.3,82.3,84.4,81.1,89.3,Yes,Yes,69.08
STU0251,Female,17,,71.4,87.2,96.9,93.2,Yes,No,71.39
STU0252,Male,17,8.3,64.8,94.9,48.6,64.4,Yes,Yes,64.78
STU0253,Female,21,6.3,99.5,53.3,62.9,57.7,Yes,Yes,59.09
STU0254,Male,22,8.8,75.4,42.2,73.3,68.9,No,No,55.02
STU0255,Male,21,2.9,86.0,62.6,44.6,77.8,Yes,Yes,53.17
STU0256,Male,22,2.0,61.3,47.2,40.3,55.0,Yes,Yes,45.07
STU0257,Male,22,3.4,76.9,41.2,80.2,80.5,Yes,Yes,52.71
STU0258,Female,20,1.5,56.2,59.8,78.5,42.8,Yes,Yes,43.95
STU0259,Female,22,5.8,77.7,83.1,64.6,42.7,Yes,No,55.93
STU0260,Male,19,9.4,98.4,71.1,69.4,61.2,Yes,Yes,61.71
STU0261,Male,22,1.4,72.3,57.2,64.9,59.4,Yes,Yes,51.3
STU0262,Female,22,2.1,56.8,76.0,41.4,57.4,No,No,44.52
STU0263,Male,22,5.1,56.4,52.8,60.1,67.0,Yes,No,52.3
STU0264,Male,17,9.4,72.5,40.8,50.6,57.6,Yes,Yes,50.9
STU0265,Male,19,3.8,62.2,82.0,45.9,50.6,No,Yes,45.06
STU0266,Female,19,5.6,56.1,74.3,97.4,57.0,Yes,No,61.36
STU0267,Female,21,1.4,89.0,81.9,76.0,93.6,Yes,Yes,67.59
STU0268,Female,20,2.3,75.6,42.1,83.7,62.6,Yes,No,55.65
STU0269,Male,22,9.9,68.0,86.0,58.9,64.5,Yes,Yes,59.74
STU0270,Male,18,9.7,95.5,74.1,63.6,71.7,Yes,No,65.26
STU0271,Female,20,1.0,60.2,71.0,54.2,94.1,No,No,57.48
STU0272,Female,20,9.6,98.0,74.4,45.8,53.3,Yes,No,63.66
STU0273,Female,19,6.8,69.1,87.5,50.7,77.5,Yes,Yes,57.07
STU0274,Female,20,8.8,95.0,72.3,87.9,79.4,Yes,Yes,71.75
STU0275,Male,22,5.1,82.1,72.0,80.7,73.4,Yes,Yes,67.62
STU0276,Female,22,5.6,92.2,94.5,72.8,44.9,No,Yes,67.32
STU0277,Male,17,5.4,99.3,81.6,68.5,77.2,Yes,No,77.07
STU0278,Female,22,7.0,68.0,64.3,95.3,43.5,Yes,No,53.44
STU0279,Male,22,2.3,98.3,78.9,44.4,72.8,Yes,No,66.34
STU0280,Female,19,1.3,72.5,61.4,56.8,80.7,Yes,Yes,55.82
STU0281,Female,22,3.8,72.3,52.6,61.0,51.6,Yes,Yes,53.53
STU0282,Female,17,7.3,70.3,72.8,86.9,86.3,Yes,Yes,65.25
STU0283,Female,18,2.8,79.4,91.1,99.6,41.7,Yes,No,62.67
STU0284,Male,19,7.1,61.9,91.1,54.4,86.4,Yes,Yes,67.68
STU0285,Female,18,9.7,79.9,58.8,92.5,65.3,Yes,Yes,59.24
STU0286,Male,19,1.8,79.4,69.0,89.8,52.0,Yes,No,53.97
STU0287,Male,21,7.1,89.3,51.6,53.5,47.4,Yes,No,49.52
STU0288,Male,20,5.0,92.5,94.8,64.0,92.4,Yes,Yes,75.2
STU0289,Male,21,8.8,74.8,94.0,64.6,44.0,Yes,No,64.9
STU0290,Female,22,2.6,68.6,75.7,98.7,51.0,Yes,Yes,59.88
STU0291,Male,18,7.2,66.7,84.2,50.9,59.1,No,No,61.09
STU0292,Male,22,8.5,63.8,79.3,87.9,74.1,Yes,No,58.64
STU0293,Male,20,9.5,57.6,72.6,60.1,70.0,Yes,No,54.0
STU0294,Female,19,7.1,70.4,42.9,83.9,46.9,Yes,Yes,48.45
STU0295,Female,20,5.5,67.2,65.0,65.2,55.9,Yes,Yes,52.58
STU0296,Female,17,6.6,98.5,77.1,74.7,53.1,No,Yes,64.25
STU0297,Female,20,8.8,80.1,77.3,90.0,51.7,Yes,No,64.79
STU0298,Male,17,6.1,70.6,60.5,88.2,62.6,Yes,No,55.95
STU0299,Male,20,1.3,81.1,91.8,92.0,78.7,No,No,71.05
STU0300,Female,17,9.4,61.3,49.2,43.6,52.0,Yes,No,44.26
STU0301,Male,18,7.2,75.0,67.5,81.5,60.2,Yes,Yes,55.7
STU0302,Male,22,7.1,83.2,78.0,48.4,61.5,Yes,Yes,58.24
STU0303,Male,22,2.9,77.0,78.3,64.9,93.7,Yes,Yes,65.01
STU0304,Female,21,6.9,73.1,75.7,72.9,92.5,Yes,No,65.11
STU0305,Female,22,4.5,99.7,55.1,64.2,84.0,Yes,No,63.06
STU0306,Male,19,6.9,94.6,48.6,71.2,53.3,Yes,Yes,55.81
STU0307,Female,20,2.0,83.1,75.0,99.8,43.7,No,No,59.59
STU0308,Female,21,6.9,80.6,73.0,48.1,57.4,Yes,Yes,60.37
STU0309,Female,19,10.0,82.9,49.9,80.5,54.7,Yes,No,51.43
STU0310,Female,19,1.4,64.1,78.8,63.8,67.8,Yes,No,54.66
STU0311,Female,17,9.8,72.8,65.0,48.0,82.8,Yes,Yes,67.52
STU0312,Male,22,4.7,56.8,76.7,49.5,87.2,Yes,Yes,53.75
STU0313,Female,18,8.8,76.4,86.1,97.0,86.5,No,No,67.03
STU0314,Male,18,8.0,79.4,49.3,92.8,59.8,Yes,Yes,59.68
STU0315,Male,21,6.1,65.2,41.1,94.4,77.8,Yes,Yes,48.17
STU0316,Female,18,7.6,98.4,82.9,99.5,57.2,Yes,No,69.28
STU0317,Male,20,8.9,95.9,73.5,52.5,43.3,Yes,No,65.12
STU0318,Male,18,4.6,87.5,78.5,61.3,78.6,No,No,59.21
STU0319,Male,21,3.9,79.0,86.1,80.2,40.5,Yes,Yes,52.8
STU0320,Female,18,7.0,94.1,84.2,69.0,62.5,No,No,60.61
STU0321,Female,20,8.3,60.9,92.9,65.1,58.1,Yes,No,62.65
STU0322,Male,17,7.9,90.6,69.5,61.5,78.1,Yes,No,67.51
STU0323,Female,21,8.2,60.6,66.9,75.6,82.1,Yes,No,57.5
STU0324,Female,17,4.9,90.7,62.1,74.5,56.7,Yes,No,61.27
STU0325,Female,17,8.4,67.4,48.5,49.7,84.6,Yes,Yes,57.71
STU0326,Female,17,2.1,94.5,71.5,68.3,56.2,Yes,No,66.78
STU0327,Male,19,5.9,97.5,55.2,73.2,64.5,Yes,No,59.33
STU0328,Male,22,1.1,61.7,90.7,74.2,80.0,Yes,Yes,55.52
STU0329,Female,19,3.9,75.8,72.1,52.6,78.1,Yes,No,56.04
STU0330,Female,22,4.3,99.1,72.6,84.5,94.3,Yes,No,70.77
STU0331,Male,17,4.6,76.8,59.5,41.5,52.4,No,Yes,48.4
STU0332,Male,21,7.3,93.9,42.9,61.3,76.4,Yes,No,56.51
STU0333,Female,22,4.5,81.5,41.7,86.8,73.5,Yes,Yes,60.8
STU0334,Male,20,5.0,71.9,63.3,73.8,90.3,Yes,No,66.13
STU0335,Female,20,3.1,67.9,44.7,55.7,48.6,Yes,Yes,44.15
STU0336,Female,18,4.4,64.1,73.4,81.7,81.3,Yes,Yes,65.6
STU0337,Male,22,3.0,89.3,88.5,74.0,71.3,Yes,No,68.92
STU0338,Male,21,1.7,72.4,88.6,87.8,55.1,Yes,Yes,62.8
STU0339,Female,19,6.4,78.0,76.2,84.1,66.1,No,Yes,66.37
STU0340,Female,17,7.0,77.2,51.6,76.6,58.4,Yes,No,54.57
STU0341,Male,18,6.6,81.0,87.5,69.3,71.9,Yes,No,72.86
STU0342,Female,20,5.2,94.0,88.7,48.0,88.9,Yes,Yes,63.74
STU0343,Male,19,4.4,99.1,50.8,55.7,71.3,Yes,No,56.11
STU0344,Female,19,8.8,73.3,80.6,65.1,74.7,Yes,Yes,62.12
STU0345,Male,17,5.7,92.2,55.8,76.0,68.5,Yes,Yes,61.9
STU0346,Male,22,5.3,89.4,84.1,70.8,42.8,Yes,No,65.26
STU0347,Male,20,1.2,80.8,94.8,57.3,52.8,Yes,No,60.76
STU0348,Female,21,4.1,98.0,41.7,40.4,67.1,Yes,Yes,47.23
STU0349,Female,19,4.4,64.0,89.4,69.8,57.1,Yes,No,62.06
STU0350,Male,17,4.6,59.9,74.2,57.1,50.0,Yes,No,53.76
STU0351,Female,21,6.2,93.4,93.5,84.1,67.7,Yes,Yes,64.4
STU0352,Male,22,5.8,74.8,65.6,41.4,57.8,No,Yes,51.66
STU0353,Male,20,6.5,93.1,86.6,75.1,54.2,Yes,Yes,59.84
STU0354,Female,22,7.9,95.2,43.4,96.5,65.5,Yes,Yes,58.46
STU0355,Female,19,8.3,57.8,58.4,50.5,47.3,Yes,Yes,42.69
STU0356,Male,21,7.5,94.8,43.7,68.3,91.0,Yes,Yes,64.41
STU0357,Female,21,9.6,75.2,93.6,45.5,87.7,Yes,No,66.45
STU0358,Female,21,1.2,78.0,84.9,77.5,78.9,Yes,Yes,61.51
STU0359,Male,19,2.8,83.2,86.9,73.0,45.8,Yes,No,63.72
STU0360,Male,19,1.1,96.7,91.6,64.4,82.7,Yes,No,65.55
STU0361,Female,22,6.8,55.9,44.7,71.3,84.4,Yes,Yes,53.43
STU0362,Male,18,9.1,76.5,61.2,93.8,82.2,Yes,No,61.43
STU0363,Male,22,3.2,85.9,43.9,51.8,46.3,No,Yes,46.2
STU0364,Female,20,9.3,87.5,51.6,41.4,75.4,Yes,No,56.88
STU0365,Male,17,1.5,86.2,52.6,91.7,85.9,Yes,Yes,65.14
STU0366,Male,21,9.4,61.0,65.8,74.6,71.8,Yes,Yes,61.79
STU0367,Female,18,4.2,68.5,54.8,93.4,75.6,Yes,Yes,58.37
STU0368,Female,17,1.9,71.1,45.6,75.8,65.2,Yes,Yes,52.87
STU0369,Male,18,5.4,91.2,49.2,88.6,69.1,Yes,No,58.91
STU0370,Male,22,3.3,67.5,48.1,65.8,41.9,No,No,46.36
STU0371,Female,19,3.6,64.5,93.5,85.0,75.1,Yes,No,67.52
STU0372,Female,21,3.8,98.1,81.8,94.8,44.5,Yes,No,65.49
STU0373,Female,22,8.2,55.4,93.2,74.3,63.9,Yes,No,54.58
STU0374,Female,17,5.9,99.9,64.2,50.8,56.1,Yes,Yes,59.09
STU0375,Male,17,3.8,85.5,55.3,56.1,70.0,Yes,Yes,57.01
STU0376,Female,17,6.5,92.3,83.9,51.9,47.3,No,Yes,57.32
STU0377,Female,17,7.4,68.3,57.9,54.8,78.0,No,Yes,50.16
STU0378,Male,17,3.5,55.6,56.5,58.4,83.7,Yes,Yes,57.65
STU0379,Female,18,4.7,88.2,52.8,73.3,49.0,Yes,No,55.97
STU0380,Male,22,2.1,92.5,47.1,75.3,45.7,Yes,Yes,52.14
STU0381,Female,21,2.6,88.3,54.1,65.6,48.0,Yes,Yes,48.88
STU0382,Female,19,7.1,61.4,59.5,76.9,88.2,Yes,No,55.96
STU0383,Female,19,2.6,88.9,77.1,44.9,69.1,Yes,No,64.42
STU0384,Male,22,5.7,89.6,43.4,45.3,65.7,Yes,Yes,52.0
STU0385,Male,22,7.4,84.6,51.6,50.3,45.9,Yes,Yes,47.64
STU0386,Female,19,2.0,89.5,84.5,71.1,75.7,Yes,No,68.76
STU0387,Male,19,6.1,93.1,48.1,52.8,87.7,No,Yes,56.21
STU0388,Male,18,3.3,82.6,58.8,57.0,85.6,Yes,Yes,64.39
STU0389,Male,20,9.7,59.0,87.6,64.0,74.4,Yes,Yes,65.84
STU0390,Male,21,5.4,76.9,48.5,88.7,44.1,Yes,No,50.51
STU0391,Male,17,8.3,58.5,44.6,40.8,46.2,Yes,Yes,38.67
STU0392,Male,20,6.0,73.3,66.6,79.0,42.7,Yes,Yes,45.08
STU0393,Female,22,1.4,73.3,56.6,80.1,54.2,Yes,No,48.2
STU0394,Female,19,6.7,58.0,71.0,87.9,47.5,Yes,No,49.71
STU0395,Male,20,9.6,70.7,84.2,96.0,54.3,Yes,No,64.07
STU0396,Female,21,6.4,60.0,47.5,41.2,61.2,Yes,Yes,43.51
STU0397,Female,22,8.4,91.4,71.9,49.2,91.9,Yes,No,60.65
STU0398,Female,17,9.0,97.6,67.8,93.2,73.6,Yes,Yes,67.76
STU0399,Female,17,3.1,58.3,47.9,67.5,85.9,Yes,No,54.43
STU0400,Male,21,2.9,98.0,74.3,73.9,79.1,Yes,Yes,69.41
STU0401,Female,21,6.5,78.5,55.1,79.8,46.2,Yes,No,46.78
STU0402,Female,19,4.7,68.5,66.8,80.7,80.5,Yes,Yes,60.37
STU0403,Male,17,8.6,58.5,44.5,95.9,55.1,Yes,Yes,46.11
STU0404,Male,22,9.1,77.5,65.3,99.8,75.2,No,No,68.18
STU0405,Female,20,4.2,90.8,56.9,83.2,58.8,Yes,No,61.94
STU0406,Female,22,3.1,86.8,85.2,57.2,94.9,Yes,Yes,65.37
STU0407,Female,18,8.0,57.3,43.1,92.8,54.5,Yes,No,46.96
STU0408,Female,18,3.5,58.3,63.0,43.0,55.4,Yes,Yes,45.12
STU0409,Female,21,8.4,73.1,65.2,53.9,91.2,Yes,No,52.33
STU0410,Female,19,4.8,68.3,79.9,93.8,41.4,Yes,No,59.39
STU0411,Male,18,7.0,65.5,71.6,55.4,78.3,Yes,Yes,56.59
STU0412,Female,17,1.9,67.6,76.7,53.2,79.9,Yes,No,61.74
STU0413,Female,22,6.6,91.2,82.7,48.3,86.0,Yes,No,62.53
STU0414,Male,22,5.1,96.8,87.4,91.5,93.6,Yes,Yes,74.34
STU0415,Male,21,6.3,73.2,57.3,70.0,93.7,Yes,Yes,55.53
STU0416,Male,20,2.5,95.8,69.6,80.5,43.6,Yes,No,56.21
STU0417,Male,21,7.6,69.5,86.2,54.3,85.2,Yes,Yes,59.26
STU0418,Female,20,8.8,76.4,94.4,85.5,75.5,Yes,No,73.4
STU0419,Female,21,3.0,65.2,88.9,85.6,75.6,Yes,No,62.63
STU0420,Female,21,1.9,83.8,60.4,58.8,47.1,Yes,Yes,52.55
STU0421,Female,21,1.2,99.1,50.7,64.6,75.8,No,Yes,58.21
STU0422,Female,20,6.8,82.2,66.9,52.6,94.0,Yes,Yes,58.28
STU0423,Female,20,6.5,71.1,80.8,98.6,90.2,Yes,Yes,69.25
STU0424,Male,21,5.9,84.2,67.1,78.7,64.2,Yes,Yes,63.1
STU0425,Female,18,3.1,60.5,66.6,96.1,42.2,Yes,Yes,49.15
STU0426,Male,19,4.5,95.0,86.1,58.2,59.9,No,No,66.78
STU0427,Male,19,6.4,77.6,59.9,86.9,85.5,Yes,No,60.36
STU0428,Female,19,5.5,75.2,87.3,86.0,78.6,Yes,Yes,66.29
STU0429,Male,20,9.9,81.4,62.4,81.5,65.3,Yes,No,62.43
STU0430,Female,20,2.2,83.1,58.1,97.9,43.0,Yes,No,54.17
STU0431,Male,18,7.3,58.2,65.0,63.6,63.5,Yes,No,52.74
STU0432,Female,19,4.6,85.7,81.9,47.8,65.8,Yes,No,59.39
STU0433,Male,19,4.9,65.9,46.9,80.3,91.1,Yes,Yes,57.82
STU0434,Female,21,7.5,87.1,50.8,83.8,75.3,Yes,No,52.51
STU0435,Female,20,7.2,92.0,92.3,74.5,57.1,Yes,No,60.8
STU0436,Female,19,9.9,91.2,49.7,52.4,68.9,Yes,Yes,58.07
STU0437,Female,22,2.2,79.9,71.2,70.3,43.6,Yes,Yes,58.67
STU0438,Female,18,1.9,78.4,71.9,58.7,93.5,Yes,Yes,59.88
STU0439,Male,22,7.5,61.4,66.9,65.6,59.8,Yes,Yes,52.53
STU0440,Male,22,6.2,89.9,75.5,78.7,66.3,Yes,No,65.87
STU0441,Male,18,3.5,67.2,52.6,84.7,59.5,Yes,Yes,55.6
STU0442,Female,22,1.7,77.4,70.4,53.9,77.5,Yes,No,51.42
STU0443,Male,19,1.8,67.8,60.5,64.3,76.4,No,No,52.19
STU0444,Female,20,9.0,61.0,76.4,56.1,79.3,Yes,Yes,57.25
STU0445,Female,18,2.7,83.3,47.8,51.9,54.7,Yes,Yes,51.95
STU0446,Male,21,3.9,57.4,71.4,87.0,57.4,Yes,Yes,64.45
STU0447,Male,22,3.0,88.7,50.2,94.6,46.9,Yes,Yes,55.38
STU0448,Female,18,4.2,69.3,55.3,62.2,76.1,Yes,Yes,49.45
STU0449,Male,17,1.6,55.0,52.0,85.1,42.2,Yes,Yes,48.0
STU0450,Female,17,5.7,78.0,50.1,93.8,72.9,Yes,No,63.98
STU0451,Female,20,1.6,57.1,85.4,90.8,87.8,Yes,No,65.76
STU0452,Female,19,8.2,67.4,55.7,51.0,89.0,Yes,No,52.51
STU0453,Female,20,3.1,86.8,91.0,97.4,64.7,No,No,73.31
STU0454,Female,20,5.9,57.8,93.3,62.6,65.3,Yes,Yes,61.88
STU0455,Male,20,8.9,92.8,71.4,60.4,44.2,Yes,Yes,54.18
STU0456,Male,20,6.9,55.2,47.9,43.7,76.9,Yes,No,48.63
STU0457,Female,21,5.8,66.1,60.6,69.2,85.2,Yes,No,61.65
STU0458,Female,21,3.9,88.3,83.9,46.5,53.5,Yes,No,62.91
STU0459,Male,18,4.0,69.2,60.2,54.9,63.2,Yes,Yes,51.64
STU0460,Male,17,7.0,59.6,44.8,59.0,86.1,Yes,Yes,50.39
STU0461,Female,20,9.9,71.2,70.6,88.5,88.2,Yes,Yes,70.31
STU0462,Male,18,7.0,67.2,86.5,92.5,53.4,Yes,No,57.99
STU0463,Female,17,6.0,92.9,83.8,58.1,70.3,Yes,No,66.78
STU0464,Male,22,7.6,69.1,49.6,91.5,50.6,Yes,Yes,48.02
STU0465,Female,19,5.2,90.5,77.0,91.4,45.6,Yes,Yes,66.65
STU0466,Male,21,1.5,95.1,52.1,85.9,90.1,Yes,No,64.22
STU0467,Female,22,6.1,74.5,52.0,48.8,85.1,Yes,No,59.27
STU0468,Male,17,9.6,95.9,88.1,81.4,81.8,Yes,Yes,75.14
STU0469,Male,22,2.6,72.0,53.7,96.7,42.7,Yes,No,48.5
STU0470,Female,19,7.2,98.4,54.5,81.0,86.4,Yes,Yes,70.99
STU0471,Male,17,2.8,59.0,40.0,59.9,64.1,Yes,Yes,50.72
STU0472,Female,22,5.8,85.9,87.9,70.0,58.8,Yes,No,67.27
STU0473,Male,21,1.9,77.2,83.6,78.7,70.1,Yes,No,61.39
STU0474,Female,21,5.1,72.4,74.5,70.6,45.0,Yes,No,53.99
STU0475,Male,18,7.8,83.5,81.3,47.2,81.6,Yes,Yes,64.01
STU0476,Female,22,4.1,86.7,48.4,58.7,72.0,Yes,No,52.65
STU0477,Male,20,7.0,55.2,65.2,88.1,50.3,Yes,No,58.9
STU0478,Female,22,8.2,62.5,59.3,91.7,50.4,Yes,Yes,54.39
STU0479,Male,17,9.3,87.1,45.2,48.2,50.1,Yes,Yes,39.92
STU0480,Female,17,3.1,85.0,66.7,97.1,43.1,Yes,No,60.31
STU0481,Female,22,4.6,98.5,90.6,59.7,72.3,No,Yes,67.34
STU0482,Female,19,2.4,89.2,42.2,79.7,86.2,Yes,Yes,59.54
STU0483,Male,21,9.9,97.8,56.0,85.1,41.0,Yes,Yes,56.97
STU0484,Female,17,9.3,86.6,51.4,88.7,42.7,Yes,No,58.25
STU0485,Male,21,5.9,68.4,53.1,96.7,71.5,Yes,No,62.11
STU0486,Female,17,8.6,59.7,90.0,58.8,85.1,Yes,Yes,64.01
STU0487,Male,18,5.7,90.2,65.7,91.5,58.0,Yes,Yes,61.43
STU0488,Female,20,6.6,84.0,65.6,47.9,59.2,Yes,Yes,54.95
STU0489,Male,17,1.8,57.2,81.8,82.3,72.8,Yes,No,60.33
STU0490,Male,21,7.8,71.2,48.5,84.5,55.1,Yes,Yes,50.08
STU0491,Female,18,2.1,98.1,66.8,80.7,41.5,Yes,Yes,61.09
STU0492,Male,17,8.4,77.5,63.6,55.1,80.4,Yes,No,60.42
STU0493,Male,19,8.0,74.5,72.8,92.4,74.4,Yes,Yes,70.16
STU0494,Female,20,7.4,75.6,95.0,50.1,71.9,Yes,No,68.0
STU0495,Male,17,1.3,64.4,82.3,43.2,80.8,Yes,No,55.22
STU0496,Male,18,3.7,71.6,61.9,83.0,77.1,Yes,No,62.63
STU0497,Male,19,3.4,71.6,85.5,68.5,51.3,Yes,Yes,54.95
STU0498,Female,22,4.2,57.4,49.4,90.9,59.4,Yes,Yes,53.68
STU0499,Male,18,1.8,89.5,41.7,63.0,46.9,Yes,No,47.46
STU0500,Female,18,9.4,73.7,51.2,50.1,47.1,Yes,Yes,44.06
STU0501,Male,19,6.0,92.0,58.7,90.2,77.2,Yes,No,65.95
STU0502,Male,18,3.7,93.3,68.1,72.9,87.2,Yes,Yes,57.23
STU0503,Male,19,4.6,64.5,73.8,51.4,93.0,Yes,No,53.65
STU0504,Female,17,5.0,84.6,90.1,83.2,74.6,Yes,No,68.82
STU0505,Male,19,6.4,76.3,68.0,70.7,50.1,Yes,Yes,55.85
STU0506,Male,19,5.6,94.6,67.6,76.3,45.8,Yes,Yes,58.03
STU0507,Female,20,9.3,64.7,42.8,67.7,84.7,Yes,Yes,48.17
STU0508,Male,19,5.5,85.5,41.9,89.7,71.8,Yes,Yes,55.23
STU0509,Female,19,9.9,82.3,70.3,89.8,74.0,Yes,No,67.1
STU0510,Female,22,8.7,68.3,64.1,82.6,83.0,Yes,No,63.64
STU0511,Male,17,2.9,61.1,86.2,46.3,78.7,Yes,Yes,58.14
STU0512,Female,20,9.4,84.3,48.8,90.3,85.9,Yes,Yes,67.21
STU0513,Male,22,2.0,88.2,41.4,80.3,43.1,Yes,No,52.17
STU0514,Female,21,8.4,69.2,64.7,81.8,81.1,Yes,Yes,58.78
STU0515,Female,17,4.4,84.0,53.1,61.8,86.8,Yes,Yes,58.2
STU0516,Male,17,8.9,72.8,42.7,92.8,55.7,Yes,Yes,48.44
STU0517,Female,21,8.8,87.1,79.9,83.5,75.2,Yes,Yes,67.91
STU0518,Female,19,8.3,64.0,46.1,46.8,57.3,Yes,No,49.47
STU0519,Female,22,8.1,95.1,73.5,64.5,92.7,Yes,No,71.37
STU0520,Female,18,3.7,67.9,55.5,93.2,41.8,Yes,Yes,56.73
STU0521,Female,20,1.7,71.6,49.5,42.8,71.9,Yes,No,48.17
STU0522,Male,18,4.6,57.6,60.9,97.7,49.2,Yes,Yes,57.93
STU0523,Female,21,2.6,60.0,84.1,80.7,79.2,Yes,Yes,61.96
STU0524,Male,17,7.3,78.2,61.6,77.9,49.7,Yes,Yes,60.69
STU0525,Female,17,4.1,67.0,81.3,56.2,52.9,Yes,No,54.74
STU0526,Male,20,9.8,92.6,46.9,54.9,67.2,Yes,No,58.01
STU0527,Male,17,6.8,55.7,82.5,96.5,90.3,Yes,No,71.8
STU0528,Female,17,8.4,72.1,53.0,57.9,51.6,Yes,No,48.95
STU0529,Female,20,2.2,70.2,77.3,86.5,47.9,Yes,No,58.48
STU0530,Female,22,8.8,55.9,71.1,63.6,81.7,Yes,Yes,62.05
STU0531,Male,22,9.3,60.6,91.1,48.4,67.5,Yes,Yes,58.08
STU0532,Female,20,5.4,73.6,61.3,40.6,90.1,Yes,No,51.98
STU0533,Male,21,6.5,77.2,43.6,72.7,48.1,Yes,No,57.08
STU0534,Male,17,7.9,73.2,41.1,98.5,75.5,Yes,No,56.03
STU0535,Male,17,2.6,78.9,85.5,62.1,52.8,Yes,Yes,59.63
STU0536,Female,21,5.5,81.8,68.9,61.4,48.6,Yes,No,59.19
STU0537,Female,22,4.6,55.4,82.6,60.6,77.6,Yes,Yes,56.15
STU0538,Male,19,2.3,75.9,52.9,71.2,72.7,Yes,Yes,52.03
STU0539,Male,19,4.3,98.4,59.0,66.4,81.5,Yes,No,64.32
STU0540,Female,19,1.6,78.4,41.7,92.8,57.0,Yes,Yes,47.01
STU0541,Male,22,1.2,85.5,92.9,70.3,64.6,Yes,Yes,64.71
STU0542,Female,22,2.2,69.0,76.7,70.5,62.3,Yes,No,58.64
STU0543,Male,21,9.7,89.8,91.3,48.3,94.1,Yes,Yes,69.45
STU0544,Female,17,5.9,89.8,54.6,99.0,56.1,Yes,No,55.14
STU0545,Male,21,9.7,78.5,73.6,55.0,56.2,Yes,Yes,62.49
STU0546,Female,21,4.9,98.9,77.3,44.4,59.5,Yes,No,60.89
STU0547,Male,22,3.8,60.6,57.5,79.8,71.1,Yes,No,59.59
STU0548,Female,19,5.6,55.8,86.6,75.7,53.9,Yes,Yes,56.16
STU0549,Female,18,5.0,89.7,92.1,64.9,90.3,Yes,No,68.37
STU0550,Male,17,2.0,91.3,88.7,65.3,54.6,Yes,Yes,64.28
STU0551,Male,22,6.8,60.4,80.6,87.1,89.3,No,Yes,64.83
STU0552,Female,19,2.9,67.0,55.3,51.7,45.7,Yes,No,41.86
STU0553,Male,18,6.6,55.8,55.5,89.2,76.1,Yes,Yes,61.08
STU0554,Female,18,6.9,68.2,93.0,78.9,89.9,No,No,67.13
STU0555,Male,22,2.4,89.8,40.6,65.1,49.3,Yes,Yes,43.52
STU0556,Female,20,1.6,78.3,79.4,67.5,93.3,Yes,Yes,70.8
STU0557,Female,17,8.0,70.7,78.8,55.4,64.9,Yes,No,56.22
STU0558,Female,18,5.1,71.7,74.2,85.1,92.0,Yes,Yes,64.28
STU0559,Female,22,1.5,55.1,94.5,70.8,77.2,Yes,Yes,55.9
STU0560,Female,22,10.0,68.5,57.2,59.3,56.6,Yes,Yes,57.48
STU0561,Female,19,1.5,84.1,58.7,75.8,50.4,Yes,Yes,50.38
STU0562,Male,20,7.3,98.8,44.3,99.7,56.7,Yes,Yes,60.62
STU0563,Male,17,9.9,93.1,64.4,66.1,45.1,Yes,Yes,60.49
STU0564,Male,21,3.2,56.1,54.4,95.2,47.9,Yes,Yes,51.85
STU0565,Female,19,2.3,95.4,58.9,60.7,45.8,Yes,Yes,54.18
STU0566,Female,18,2.1,90.2,85.9,43.3,63.3,Yes,No,54.9
STU0567,Female,18,3.7,90.1,91.5,52.3,83.8,Yes,Yes,65.13
STU0568,Female,19,1.9,75.6,50.2,65.1,47.8,Yes,Yes,49.51
STU0569,Male,22,7.2,72.9,60.5,53.2,47.2,Yes,No,47.12
STU0570,Male,18,1.6,68.6,91.1,40.0,75.4,Yes,No,59.95
STU0571,Female,20,5.6,58.0,43.4,94.9,50.8,Yes,No,51.4
STU0572,Male,17,10.0,65.3,45.1,90.6,45.4,Yes,Yes,53.48
STU0573,Male,20,8.3,66.1,49.0,84.5,49.2,No,No,46.51
STU0574,Female,18,6.5,76.8,72.7,50.1,90.8,Yes,No,69.6
STU0575,Male,21,3.8,88.6,48.3,47.2,85.2,Yes,Yes,59.06
STU0576,Female,17,6.6,76.3,93.2,44.1,59.5,Yes,Yes,59.78
STU0577,Male,17,5.7,57.6,64.6,83.4,76.1,No,No,61.39
STU0578,Female,19,4.8,98.1,67.6,95.7,69.6,Yes,No,75.9
STU0579,Female,19,2.2,97.4,53.6,65.8,77.2,Yes,Yes,55.5
STU0580,Female,21,9.0,90.3,65.9,47.1,77.5,Yes,Yes,59.74
STU0581,Female,22,5.0,99.6,76.4,70.7,74.6,No,Yes,59.11
STU0582,Male,17,2.8,79.5,81.3,60.9,54.6,Yes,Yes,59.05
STU0583,Female,21,4.3,98.3,81.5,62.5,42.1,Yes,Yes,61.85
STU0584,Female,19,4.7,58.4,71.8,77.3,65.1,No,No,56.12
STU0585,Female,19,8.4,71.5,89.7,83.1,89.0,Yes,Yes,67.64
STU0586,Male,17,7.6,65.1,85.0,46.6,71.3,Yes,Yes,51.02
STU0587,Female,20,7.9,63.8,81.6,42.1,85.8,Yes,Yes,60.64
STU0588,Male,18,1.1,61.3,43.1,99.7,94.5,Yes,Yes,63.41
STU0589,Female,19,4.7,83.0,40.4,54.0,49.0,Yes,Yes,45.04
STU0590,Male,22,5.3,90.2,51.7,43.2,78.0,No,No,57.34
STU0591,Male,22,1.2,81.0,76.5,51.4,77.1,Yes,Yes,54.8
STU0592,Female,19,3.3,61.6,62.6,42.3,93.9,Yes,No,56.52
STU0593,Male,20,7.8,91.5,62.1,63.5,94.2,No,Yes,64.05
STU0594,Female,20,2.2,83.6,88.7,88.1,77.8,Yes,No,67.07
STU0595,Female,21,5.8,72.5,89.3,60.5,53.4,Yes,No,56.41
STU0596,Female,22,2.9,85.3,90.0,66.7,83.9,Yes,Yes,67.2
STU0597,Male,21,1.1,66.7,57.3,80.5,45.9,Yes,Yes,51.79
STU0598,Male,22,3.2,70.5,78.0,70.5,82.9,Yes,Yes,58.15
STU0599,Female,18,9.8,96.3,54.9,91.7,90.1,Yes,Yes,67.06
STU0600,Female,18,8.2,68.1,50.5,92.0,61.1,Yes,Yes,54.96
STU0601,Male,17,9.6,76.1,50.2,40.6,74.7,Yes,No,48.2
STU0602,Female,21,5.4,95.1,58.8,86.7,63.7,Yes,Yes,68.63
STU0603,Female,19,2.0,86.8,63.6,67.6,64.1,No,Yes,55.33
STU0604,Female,21,5.9,57.8,85.7,99.3,57.1,Yes,No,59.17
STU0605,Male,19,5.1,61.6,46.6,69.0,81.9,Yes,Yes,49.43
STU0606,Male,20,8.6,55.4,80.4,99.2,91.5,Yes,No,73.31
STU0607,Male,21,1.9,83.4,69.2,85.3,91.7,Yes,Yes,69.06
STU0608,Female,20,5.4,75.1,55.8,54.9,49.6,Yes,No,46.32
STU0609,Female,18,2.4,61.0,67.1,72.3,88.1,Yes,Yes,62.96
STU0610,Female,18,3.9,98.1,56.5,99.5,80.6,No,No,68.16
STU0611,Male,17,7.6,78.8,72.8,91.5,53.9,No,No,62.31
STU0612,Female,21,5.3,65.9,63.9,45.8,43.7,Yes,Yes,45.83
STU0613,Female,20,4.4,77.5,49.0,82.4,54.7,Yes,Yes,50.77
STU0614,Female,19,4.6,85.6,46.4,60.7,90.2,Yes,Yes,59.59
STU0615,Female,18,5.1,58.4,70.1,40.4,74.8,Yes,No,50.4
STU0616,Male,18,8.1,67.4,89.6,64.2,79.7,Yes,No,70.61
STU0617,Male,19,9.0,91.3,58.9,54.1,54.1,Yes,No,50.92
STU0618,Female,20,9.6,75.7,80.3,89.1,79.6,Yes,Yes,73.12
STU0619,Male,20,8.1,79.6,76.2,60.2,41.5,Yes,Yes,54.96
STU0620,Male,21,3.8,74.5,91.2,89.7,60.6,Yes,No,66.5
STU0621,Female,21,7.2,57.0,85.2,40.0,74.5,Yes,Yes,58.95
STU0622,Female,22,4.9,62.5,71.2,58.5,48.0,Yes,No,48.6
STU0623,Male,22,3.3,75.0,76.1,54.5,85.3,No,Yes,64.38
STU0624,Female,17,8.6,64.4,89.4,54.0,52.9,Yes,Yes,47.27
STU0625,Male,18,1.3,57.2,62.0,44.1,75.9,Yes,No,47.59
STU0626,Female,21,9.1,93.0,58.0,51.2,62.3,Yes,Yes,53.5
STU0627,Male,20,5.2,99.2,40.6,73.3,72.8,Yes,Yes,54.08
STU0628,Female,19,6.7,90.7,85.5,57.5,45.9,Yes,Yes,59.59
STU0629,Male,20,6.9,93.4,84.1,65.0,40.9,Yes,Yes,62.1
STU0630,Male,18,9.1,65.9,45.7,62.6,90.0,Yes,Yes,57.41
STU0631,Male,22,6.7,98.2,71.7,92.6,54.8,No,No,66.43
STU0632,Female,20,6.5,63.9,65.5,94.3,85.1,Yes,Yes,60.44
STU0633,Male,17,1.6,97.8,46.5,69.6,95.0,Yes,No,64.16
STU0634,Male,18,5.7,99.8,93.9,59.8,51.6,Yes,Yes,66.18
STU0635,Female,22,2.4,87.0,51.8,46.4,54.6,Yes,Yes,53.68
STU0636,Female,19,7.6,99.2,43.7,97.2,76.5,Yes,No,66.72
STU0637,Male,22,5.6,80.6,72.7,43.6,93.1,Yes,No,62.18
STU0638,Male,17,7.1,66.7,80.6,57.9,90.4,Yes,Yes,59.73
STU0639,Female,18,1.4,74.7,41.8,57.9,67.7,Yes,Yes,47.08
STU0640,Female,19,1.8,81.7,76.2,59.2,83.7,Yes,No,61.04
STU0641,Female,17,7.4,58.3,69.3,49.9,47.5,No,No,47.36
STU0642,Female,22,1.6,83.0,45.7,87.0,93.8,Yes,No,62.72
STU0643,Female,17,1.6,99.2,49.5,47.3,93.0,Yes,No,62.69
STU0644,Male,18,1.1,63.6,71.2,78.1,49.0,Yes,Yes,53.33
STU0645,Female,21,9.6,90.7,56.3,47.4,56.5,Yes,Yes,54.22
STU0646,Male,17,7.6,95.9,91.6,44.2,45.5,Yes,Yes,61.6
STU0647,Male,17,4.2,97.5,85.0,94.6,54.9,Yes,Yes,66.82
STU0648,Male,22,3.7,98.2,94.1,51.4,84.9,Yes,Yes,67.25
STU0649,Female,22,4.1,78.5,54.3,89.3,60.8,Yes,No,50.99
STU0650,Male,19,8.0,99.0,93.3,72.7,44.9,Yes,No,64.0
STU0651,Male,22,7.0,89.1,63.7,44.7,58.8,Yes,No,56.91
STU0652,Female,20,2.7,62.3,59.1,97.3,94.0,Yes,Yes,59.9
STU0653,Male,18,2.6,76.5,42.8,54.8,74.6,Yes,No,50.31
STU0654,Male,18,1.9,87.3,42.9,91.6,62.9,Yes,Yes,58.23
STU0655,Female,21,6.9,66.1,78.1,50.1,49.2,Yes,Yes,54.49
STU0656,Male,21,7.9,83.8,65.2,91.2,94.2,Yes,Yes,64.9
STU0657,Male,18,3.4,85.0,52.5,40.8,85.1,Yes,No,59.07
STU0658,Male,21,1.2,62.3,73.8,70.7,55.5,Yes,Yes,58.02
STU0659,Female,19,1.7,80.4,53.9,86.2,43.9,Yes,Yes,49.22
STU0660,Female,22,9.7,89.7,71.8,96.1,43.1,Yes,No,59.58
STU0661,Female,18,3.7,77.5,59.8,94.6,46.6,Yes,Yes,60.34
STU0662,Male,21,7.9,55.5,85.3,89.2,71.9,No,No,62.2
STU0663,Male,18,6.6,55.4,85.1,93.3,91.1,Yes,Yes,59.1
STU0664,Female,20,4.4,71.1,66.3,52.0,67.3,Yes,No,49.37
STU0665,Male,17,2.9,96.7,59.3,57.1,86.4,Yes,Yes,61.59
STU0666,Male,22,2.1,65.3,59.9,57.3,64.5,Yes,Yes,47.14
STU0667,Female,18,6.5,83.5,84.3,62.6,79.0,No,No,64.36
STU0668,Female,17,8.0,65.0,58.0,63.6,80.3,No,Yes,55.95
STU0669,Male,21,6.8,69.5,51.5,72.7,49.6,Yes,No,55.33
STU0670,Male,17,5.8,93.2,44.7,49.6,59.9,Yes,Yes,51.13
STU0671,Male,22,1.4,87.8,65.7,81.5,75.1,Yes,No,66.99
STU0672,Female,18,9.7,59.3,66.5,50.1,43.9,Yes,Yes,52.71
STU0673,Female,20,8.2,74.3,86.2,58.6,59.9,Yes,Yes,65.16
STU0674,Female,21,3.6,56.3,52.2,70.2,69.4,Yes,Yes,51.49
STU0675,Female,18,9.8,76.6,61.0,87.8,94.8,No,No,59.12
STU0676,Male,22,6.4,84.8,84.5,84.4,66.1,Yes,No,68.43
STU0677,Female,21,6.2,60.3,85.3,78.7,84.9,Yes,No,68.16
STU0678,Female,19,7.7,68.0,61.2,49.3,63.8,No,No,51.52
STU0679,Female,17,8.3,72.9,65.3,72.8,83.8,No,No,67.64
STU0680,Female,22,6.9,96.4,56.7,45.2,72.7,Yes,Yes,60.95
STU0681,Female,19,2.2,99.7,91.3,62.6,88.8,Yes,Yes,74.29
STU0682,Male,18,4.0,57.0,46.5,64.8,62.6,Yes,Yes,50.93
STU0683,Male,20,9.4,89.2,91.4,42.4,73.2,Yes,Yes,66.33
STU0684,Female,21,3.0,71.7,77.6,56.4,74.7,No,Yes,50.39
STU0685,Male,17,4.3,72.7,69.2,97.3,63.0,No,No,59.52
STU0686,Female,21,4.9,88.9,41.8,97.2,47.9,Yes,Yes,59.24
STU0687,Female,18,5.0,96.3,66.2,61.1,45.1,Yes,No,53.99
STU0688,Male,21,6.5,97.8,62.4,42.6,40.9,Yes,Yes,52.07
STU0689,Male,17,9.5,81.0,48.9,50.7,88.0,No,No,53.3
STU0690,Female,18,3.2,71.1,76.1,63.5,53.0,Yes,No,61.61
STU0691,Female,21,2.1,90.4,93.4,96.9,51.6,Yes,No,74.36
STU0692,Female,20,2.8,66.3,70.9,48.5,80.5,Yes,Yes,53.1
STU0693,Male,22,9.0,80.4,79.3,85.8,57.6,Yes,Yes,64.04
STU0694,Female,18,6.8,71.1,43.8,46.5,67.8,Yes,Yes,45.97
STU0695,Female,22,3.6,84.5,63.0,98.9,48.9,Yes,Yes,61.76
STU0696,Female,18,8.3,65.8,46.4,62.9,92.8,No,No,57.35
STU0697,Male,20,8.8,63.6,73.7,86.5,86.8,No,No,67.18
STU0698,Female,22,8.6,96.3,91.6,60.6,87.5,Yes,No,73.39
STU0699,Female,19,9.3,59.6,76.4,77.7,62.4,Yes,No,68.29
STU0700,Male,17,3.3,77.8,44.2,51.5,81.9,Yes,Yes,49.27
STU0701,Female,19,7.8,64.9,59.5,48.8,47.9,Yes,No,41.47
STU0702,Female,21,5.1,56.8,70.3,96.3,40.5,Yes,Yes,52.16
STU0703,Male,20,8.6,56.6,62.2,95.1,41.1,No,No,46.55
STU0704,Female,19,7.6,62.9,85.9,93.2,72.3,Yes,No,59.9
STU0705,Male,18,8.0,94.0,84.8,77.5,65.0,Yes,No,64.44
STU0706,Male,21,6.9,67.7,73.7,88.5,68.5,No,Yes,58.31
STU0707,Female,21,2.6,97.8,60.5,44.1,40.4,No,Yes,48.46
STU0708,Female,19,5.9,81.2,54.0,60.1,63.2,Yes,No,55.89
STU0709,Female,19,9.9,74.6,45.8,58.8,79.5,Yes,No,52.59
STU0710,Female,20,9.4,81.1,59.5,78.1,64.3,Yes,No,58.36
STU0711,Male,17,1.4,78.3,62.7,61.4,80.3,Yes,Yes,61.55
STU0712,Female,19,2.5,89.1,77.2,48.9,52.8,Yes,Yes,54.56
STU0713,Male,19,2.2,67.7,76.2,75.8,84.7,Yes,Yes,61.72
STU0714,Female,22,7.5,70.9,43.9,88.9,72.4,No,No,57.02
STU0715,Female,18,8.4,95.2,61.7,62.9,51.6,Yes,Yes,50.84
STU0716,Female,22,2.9,97.6,50.0,47.9,53.0,Yes,No,43.93
STU0717,Male,22,5.6,95.2,48.6,51.8,74.5,Yes,Yes,57.98
STU0718,Female,21,8.6,73.9,85.5,54.2,85.6,Yes,No,66.15
STU0719,Female,17,7.6,90.1,42.3,58.0,62.9,Yes,No,60.27
STU0720,Female,18,5.9,76.4,63.1,78.6,54.2,Yes,Yes,56.83
STU0721,Female,20,6.3,77.4,49.3,76.1,87.7,Yes,No,62.31
STU0722,Male,20,5.6,64.2,88.4,81.8,76.8,Yes,No,64.18
STU0723,Female,19,3.7,81.6,70.6,61.8,64.6,Yes,No,59.5
STU0724,Male,19,6.1,63.4,52.7,89.4,66.8,Yes,Yes,60.83
STU0725,Male,20,7.2,69.9,67.6,52.2,51.2,Yes,No,44.21
STU0726,Male,19,8.9,93.5,80.2,68.1,74.5,Yes,Yes,68.78
STU0727,Male,17,6.7,64.3,92.7,88.1,59.7,Yes,Yes,71.16
STU0728,Male,22,7.9,58.2,52.1,50.8,94.8,Yes,No,54.82
STU0729,Male,19,2.4,58.1,88.7,46.6,66.4,No,Yes,61.44
STU0730,Female,21,5.2,97.3,91.4,93.0,66.7,No,No,70.28
STU0731,Male,19,1.1,77.8,90.4,60.6,71.1,Yes,Yes,63.11
STU0732,Male,18,3.2,73.4,74.9,81.0,90.4,Yes,No,65.8
STU0733,Male,17,7.5,91.5,74.6,41.5,84.0,Yes,Yes,55.39
STU0734,Female,18,9.9,92.6,62.2,81.4,64.8,Yes,No,58.79
STU0735,Female,18,1.9,69.9,81.4,59.0,79.5,Yes,No,56.98
STU0736,Male,21,4.6,86.2,69.2,43.3,72.2,No,No,60.9
STU0737,Female,17,8.2,89.7,77.3,76.6,67.1,No,No,68.5
STU0738,Male,17,2.8,84.5,63.6,54.4,50.6,Yes,Yes,54.41
STU0739,Male,17,6.0,61.8,80.2,63.2,65.5,Yes,Yes,60.19
STU0740,Female,17,7.6,94.4,85.3,44.8,53.5,Yes,No,60.31
STU0741,Male,17,6.5,79.3,48.1,48.8,90.3,Yes,Yes,60.23
STU0742,Female,21,2.7,67.7,85.8,57.9,58.4,Yes,No,57.23
STU0743,Female,19,4.2,74.1,69.7,45.4,92.4,Yes,No,59.98
STU0744,Male,18,8.1,56.7,86.5,94.6,69.3,Yes,Yes,62.68
STU0745,Male,17,6.0,60.8,63.7,40.4,74.7,Yes,Yes,53.78
STU0746,Female,19,1.0,89.4,60.8,69.0,69.9,Yes,No,57.9
STU0747,Male,19,7.8,55.0,90.3,47.4,47.1,Yes,Yes,56.03
STU0748,Male,18,1.3,73.7,53.8,58.5,60.7,Yes,No,46.85
STU0749,Male,21,7.7,78.5,86.4,95.6,45.5,Yes,Yes,59.85
STU0750,Female,20,2.8,57.5,66.6,49.7,74.3,Yes,Yes,54.52
STU0751,Female,20,9.6,98.8,68.3,97.9,64.6,Yes,Yes,67.83
STU0752,Male,19,4.3,65.2,57.0,52.3,82.8,Yes,Yes,52.18
STU0753,Female,22,3.9,68.7,71.5,84.5,52.1,Yes,Yes,59.9
STU0754,Female,22,2.3,68.7,57.9,72.8,49.1,Yes,No,48.62
STU0755,Female,18,3.8,65.4,42.2,93.1,62.3,Yes,Yes,51.35
STU0756,Female,20,8.9,55.1,55.0,73.2,91.0,No,Yes,61.55
STU0757,Female,19,10.0,87.8,40.4,72.1,79.1,Yes,No,63.24
STU0758,Male,21,4.3,98.5,93.8,51.7,63.0,Yes,No,71.75
STU0759,Male,20,5.0,65.1,93.1,50.0,68.4,Yes,No,58.69
STU0760,Male,19,7.5,84.8,61.7,95.0,44.6,Yes,Yes,62.91
STU0761,Female,19,9.0,88.4,80.1,59.7,94.2,Yes,Yes,65.57
STU0762,Female,17,6.3,93.2,59.0,62.3,76.7,No,No,57.9
STU0763,Male,21,4.5,74.0,76.9,85.6,55.7,Yes,No,52.07
STU0764,Female,17,4.7,68.6,84.3,60.3,72.2,Yes,No,66.35
STU0765,Male,18,7.3,69.6,92.1,97.1,46.0,No,No,60.39
STU0766,Male,17,1.0,87.1,62.0,84.3,93.1,Yes,Yes,65.66
STU0767,Male,17,6.6,91.8,83.1,75.8,49.6,Yes,Yes,60.26
STU0768,Female,20,4.2,63.2,54.6,92.9,75.6,Yes,Yes,59.8
STU0769,Female,22,8.1,71.7,94.5,43.0,53.5,Yes,Yes,56.69
STU0770,Male,19,1.8,95.6,41.4,55.4,79.5,Yes,Yes,51.35
STU0771,Male,21,6.3,91.3,73.2,67.9,82.7,Yes,No,67.79
STU0772,Male,17,5.3,99.3,76.3,53.6,77.0,Yes,Yes,60.3
STU0773,Male,21,6.8,88.9,77.8,84.6,73.8,Yes,No,64.75
STU0774,Female,22,1.6,72.7,46.6,95.2,89.1,Yes,No,52.66
STU0775,Female,22,6.2,81.6,91.6,65.4,44.3,Yes,No,55.65
STU0776,Male,17,6.1,84.7,50.0,60.5,58.2,Yes,Yes,53.57
STU0777,Male,18,6.0,58.5,74.3,97.7,53.7,Yes,No,51.04
STU0778,Female,17,6.4,79.5,52.2,66.7,94.3,Yes,Yes,55.37
STU0779,Female,20,7.1,86.9,56.9,69.3,61.4,No,No,57.29
STU0780,Male,19,8.2,62.5,70.1,61.1,80.3,Yes,Yes,56.07
STU0781,Male,18,3.4,90.1,62.9,94.6,77.7,Yes,No,72.86
STU0782,Male,17,8.4,81.3,48.8,74.1,51.7,Yes,Yes,59.47
STU0783,Female,21,5.5,97.8,49.4,85.7,53.1,Yes,No,55.29
STU0784,Female,18,1.7,56.9,63.0,88.7,55.5,Yes,No,54.93
STU0785,Female,18,1.5,66.9,81.7,60.5,62.6,Yes,No,59.63
STU0786,Male,17,4.0,82.1,89.4,66.0,52.9,Yes,No,59.52
STU0787,Male,18,8.1,68.3,44.6,90.9,41.1,Yes,Yes,44.25
STU0788,Female,21,7.4,87.1,61.6,61.8,88.4,Yes,Yes,62.8
STU0789,Female,22,8.1,89.2,45.5,87.6,93.1,Yes,Yes,63.61
STU0790,Male,18,5.7,59.6,40.9,96.5,58.8,Yes,No,49.07
STU0791,Female,22,5.0,78.1,76.4,77.4,58.6,Yes,No,62.06
STU0792,Female,21,2.3,77.9,73.1,84.5,40.4,Yes,No,53.95
STU0793,Male,17,4.0,71.6,49.0,88.3,77.4,Yes,No,53.42
STU0794,Female,19,4.9,97.0,52.9,90.7,85.4,Yes,No,66.51
STU0795,Male,18,1.8,92.2,41.3,63.7,48.1,Yes,No,51.46
STU0796,Male,19,3.0,86.4,85.9,43.1,48.8,Yes,Yes,53.13
STU0797,Male,21,6.4,87.1,93.6,64.1,83.5,Yes,Yes,73.28
STU0798,Male,18,7.6,75.8,47.5,80.4,73.9,Yes,Yes,50.56
STU0799,Male,22,10.0,96.4,52.7,67.0,42.5,Yes,Yes,52.71
STU0800,Male,20,9.4,86.3,87.8,84.9,74.2,Yes,Yes,69.3
STU0801,Male,19,6.8,87.8,91.0,61.4,57.0,Yes,Yes,61.67
STU0802,Female,18,4.8,93.8,63.1,78.1,60.3,Yes,Yes,59.07
STU0803,Male,19,6.7,67.3,42.8,51.2,82.3,Yes,Yes,57.4
STU0804,Male,18,8.1,91.3,42.2,85.0,84.6,No,No,58.79
STU0805,Female,17,2.1,63.8,71.6,72.7,62.0,Yes,No,64.16
STU0806,Female,22,4.7,70.5,61.6,52.2,92.1,Yes,No,59.54
STU0807,Female,19,8.6,70.1,41.6,57.5,62.4,No,No,48.8
STU0808,Male,20,4.5,99.0,72.1,84.9,82.5,Yes,No,71.52
STU0809,Female,20,6.1,93.5,40.6,69.0,66.6,Yes,No,64.34
STU0810,Male,21,6.3,86.6,83.3,53.0,89.4,Yes,No,63.36
STU0811,Male,18,2.7,87.7,56.9,98.0,89.9,Yes,Yes,62.76
STU0812,Male,19,4.3,80.3,42.2,82.9,44.8,Yes,Yes,47.74
STU0813,Male,21,4.0,97.6,72.4,97.4,91.5,Yes,No,73.31
STU0814,Female,19,1.2,77.3,61.9,65.6,85.4,Yes,Yes,53.58
STU0815,Female,18,1.2,72.1,93.6,68.5,83.5,Yes,Yes,66.53
STU0816,Male,20,8.5,62.3,69.9,93.9,51.1,Yes,Yes,62.94
STU0817,Male,17,3.5,90.4,55.1,71.5,84.3,Yes,Yes,62.41
STU0818,Male,20,5.7,88.0,79.0,82.4,86.8,Yes,Yes,68.83
STU0819,Female,21,3.7,72.3,54.9,55.1,55.9,Yes,No,47.58
STU0820,Male,22,9.5,56.1,89.7,66.8,92.4,Yes,Yes,68.12
STU0821,Male,17,3.3,92.8,60.6,47.4,42.7,Yes,No,48.92
STU0822,Female,21,4.9,55.5,70.2,52.4,48.2,Yes,No,54.6
STU0823,Female,18,8.9,86.7,42.8,40.1,69.6,Yes,No,58.08
STU0824,Male,17,8.6,98.7,63.4,42.4,71.7,Yes,Yes,60.71
STU0825,Female,21,2.7,74.7,85.8,98.6,75.5,Yes,No,68.22
STU0826,Female,18,8.2,65.6,84.3,54.5,40.9,Yes,No,56.95
STU0827,Male,20,5.1,86.7,52.3,79.8,92.8,No,No,67.43
STU0828,Female,22,5.3,91.8,52.4,90.3,42.5,Yes,No,53.47
STU0829,Male,18,2.2,79.6,85.0,73.0,47.9,Yes,Yes,57.85
STU0830,Female,19,1.7,98.5,91.2,49.2,40.8,Yes,No,55.69
STU0831,Male,18,7.6,57.3,45.2,83.7,71.2,Yes,No,53.5
STU0832,Male,18,5.5,77.7,64.8,76.0,91.3,Yes,No,66.28
STU0833,Male,22,4.9,87.3,58.6,83.9,76.6,Yes,No,57.92
STU0834,Female,19,7.6,93.8,87.9,86.2,85.2,Yes,Yes,72.36
STU0835,Male,21,7.9,63.1,44.6,98.5,40.7,No,No,44.65
STU0836,Female,21,2.4,91.0,51.6,74.4,69.8,Yes,No,55.33
STU0837,Male,18,6.5,79.9,81.4,60.5,65.3,Yes,No,63.16
STU0838,Male,19,2.2,72.8,42.8,78.9,67.4,Yes,No,49.86
STU0839,Female,19,7.8,60.9,67.1,44.1,44.0,No,No,45.94
STU0840,Male,22,6.9,93.9,64.3,93.8,77.6,Yes,No,61.87
STU0841,Male,20,9.6,62.1,58.4,47.2,67.7,Yes,Yes,51.26
STU0842,Female,21,1.6,68.9,61.7,59.7,82.1,No,No,56.09
STU0843,Male,22,1.5,68.1,69.1,88.9,66.7,Yes,Yes,56.65
STU0844,Male,17,3.5,94.2,48.9,75.8,48.2,Yes,Yes,53.93
STU0845,Male,21,3.4,85.3,71.5,63.6,75.7,Yes,No,62.56
STU0846,Male,22,3.2,90.9,84.3,68.4,49.5,Yes,Yes,58.96
STU0847,Female,21,9.2,66.3,81.8,91.3,88.0,Yes,No,62.82
STU0848,Female,20,3.2,83.1,48.5,60.4,73.7,Yes,Yes,61.1
STU0849,Male,17,3.4,80.7,48.2,92.2,48.6,Yes,No,51.75
STU0850,Female,20,7.8,92.5,54.7,45.3,92.9,Yes,Yes,60.47
STU0851,Male,17,5.0,95.8,59.9,86.6,68.5,Yes,Yes,67.18
STU0852,Female,18,8.0,55.5,62.5,90.9,44.0,Yes,No,64.06
STU0853,Male,22,1.6,85.3,77.4,50.9,74.5,Yes,Yes,56.58
STU0854,Male,17,5.4,57.3,43.1,65.8,53.9,Yes,Yes,46.58
STU0855,Male,20,1.3,79.7,41.9,49.9,84.2,Yes,Yes,50.09
STU0856,Male,21,1.6,67.9,61.6,82.4,85.0,Yes,Yes,58.1
STU0857,Male,17,9.2,68.8,78.3,72.1,93.8,Yes,Yes,63.42
STU0858,Male,22,2.3,70.9,50.6,78.1,67.6,Yes,No,49.96
STU0859,Female,17,5.8,83.0,75.3,51.8,65.0,Yes,Yes,58.75
STU0860,Male,19,4.7,70.0,54.3,52.7,81.4,Yes,Yes,48.85
STU0861,Female,21,4.1,88.0,88.7,42.5,47.3,Yes,No,61.42
STU0862,Male,22,9.1,73.2,89.3,59.3,70.1,Yes,No,63.17
STU0863,Female,22,1.2,58.1,56.4,73.6,70.0,Yes,No,53.62
STU0864,Female,18,7.0,90.3,52.6,91.5,44.9,Yes,Yes,55.35
STU0865,Female,20,9.7,67.9,62.6,80.0,63.0,Yes,Yes,55.65
STU0866,Male,18,6.0,74.5,53.2,66.1,86.9,Yes,Yes,59.07
STU0867,Male,22,9.4,85.8,77.0,97.2,87.1,No,Yes,67.74
STU0868,Female,21,1.5,70.0,85.4,83.2,45.5,Yes,No,57.35
STU0869,Male,17,4.8,57.5,77.0,95.8,45.0,Yes,No,53.13
STU0870,Female,17,3.3,71.8,85.3,71.7,54.4,Yes,Yes,56.23
STU0871,Male,21,7.6,97.5,61.8,55.5,88.1,Yes,Yes,56.83
STU0872,Female,22,9.8,83.9,48.6,43.2,47.1,No,Yes,52.96
STU0873,Female,17,3.3,85.2,80.6,83.6,79.6,Yes,Yes,65.55
STU0874,Male,17,6.9,83.5,59.8,47.3,45.6,Yes,No,54.85
STU0875,Female,17,2.8,64.0,76.9,58.2,74.3,Yes,No,61.14
STU0876,Male,20,6.1,73.8,54.9,71.9,59.6,Yes,Yes,49.26
STU0877,Female,20,5.2,88.8,44.5,73.9,83.4,Yes,No,55.55
STU0878,Female,19,9.7,59.6,94.6,76.0,52.9,Yes,Yes,69.45
STU0879,Male,18,6.5,67.5,48.6,50.0,75.2,Yes,Yes,56.84
STU0880,Male,21,4.1,67.4,94.4,62.8,53.0,Yes,No,59.08
STU0881,Male,21,2.0,74.4,93.8,77.0,79.3,Yes,Yes,68.49
STU0882,Female,21,2.4,99.1,83.7,98.2,88.1,Yes,No,73.3
STU0883,Male,19,3.0,58.0,76.3,83.7,47.0,Yes,Yes,55.84
STU0884,Female,20,3.3,78.3,71.8,95.4,87.7,Yes,No,65.11
STU0885,Female,22,8.7,63.1,87.6,85.7,72.6,Yes,Yes,57.61
STU0886,Male,22,6.1,98.7,55.9,75.5,47.0,Yes,No,52.89
STU0887,Male,19,5.7,60.1,65.7,51.5,63.5,Yes,Yes,51.17
STU0888,Female,22,2.0,73.2,74.1,80.0,48.8,Yes,Yes,52.79
STU0889,Female,21,8.7,88.2,62.6,77.4,78.5,No,No,63.69
STU0890,Male,18,7.5,86.7,63.5,76.1,81.7,Yes,Yes,60.29
STU0891,Male,17,1.6,74.0,58.2,69.4,45.8,Yes,No,47.95
STU0892,Male,20,7.4,70.6,71.0,71.7,67.8,Yes,No,61.92
STU0893,Male,20,5.9,72.9,86.8,60.1,84.8,Yes,Yes,65.64
STU0894,Male,19,1.7,66.9,51.1,71.2,91.5,Yes,Yes,56.75
STU0895,Female,20,5.1,64.2,91.4,51.9,68.2,Yes,Yes,62.39
STU0896,Female,21,5.4,76.7,77.9,88.3,92.3,Yes,Yes,70.71
STU0897,Female,22,2.5,67.1,85.3,51.1,69.5,No,No,63.16
STU0898,Female,21,9.5,67.9,70.6,45.1,61.7,Yes,Yes,51.79
STU0899,Male,19,8.6,84.6,82.9,66.2,86.7,Yes,Yes,66.65
STU0900,Male,21,7.0,98.6,40.9,79.5,67.1,Yes,Yes,53.97
STU0901,Male,22,5.2,82.2,85.0,66.3,66.0,Yes,No,61.91
STU0902,Female,18,4.7,58.5,42.2,56.6,67.0,Yes,Yes,49.53
STU0903,Female,19,6.9,58.4,88.9,73.5,86.6,Yes,No,69.21
STU0904,Male,18,5.9,97.8,94.6,60.8,85.8,No,Yes,75.87
STU0905,Male,17,1.6,68.4,56.2,96.0,62.2,No,No,49.95
STU0906,Female,18,5.6,59.1,51.6,95.4,58.3,Yes,Yes,56.67
STU0907,Female,17,8.3,82.0,82.1,70.1,67.1,Yes,Yes,57.56
STU0908,Male,17,5.1,83.1,53.9,59.7,71.5,Yes,No,59.07
STU0909,Male,18,1.5,84.2,87.6,84.2,53.1,Yes,Yes,62.66
STU0910,Female,19,8.1,67.0,45.7,42.2,83.7,Yes,Yes,53.15
STU0911,Male,22,2.8,55.7,46.9,68.5,66.8,Yes,Yes,43.45
STU0912,Male,21,3.3,98.4,93.9,60.2,58.4,Yes,No,70.53
STU0913,Male,21,2.5,66.3,77.1,95.2,45.9,Yes,Yes,52.64
STU0914,Female,22,4.0,85.4,86.6,40.7,53.1,Yes,No,55.54
STU0915,Female,17,7.8,86.8,57.8,73.2,92.2,Yes,No,60.88
STU0916,Female,17,5.7,82.5,77.2,84.4,56.8,Yes,No,56.36
STU0917,Female,19,2.8,69.1,72.7,69.1,49.3,Yes,Yes,54.44
STU0918,Female,20,8.9,67.2,73.2,45.1,65.3,Yes,No,60.83
STU0919,Female,18,8.9,81.9,77.5,98.3,56.9,Yes,No,74.45
STU0920,Female,17,8.8,94.0,71.6,71.1,41.9,Yes,Yes,59.55
STU0921,Male,21,3.1,97.6,63.6,76.9,57.8,Yes,No,64.93
STU0922,Male,19,5.1,59.8,55.2,54.2,69.9,Yes,No,50.8
STU0923,Male,18,9.9,62.0,82.3,69.0,70.3,Yes,Yes,62.15
STU0924,Male,19,7.9,97.5,52.4,65.7,59.6,Yes,Yes,56.55
STU0925,Male,18,1.2,88.1,78.1,44.5,64.6,Yes,No,59.4
STU0926,Male,18,1.6,94.7,52.8,46.4,93.1,Yes,Yes,61.78
STU0927,Male,22,5.2,64.1,74.4,90.2,60.8,Yes,Yes,57.3
STU0928,Female,17,9.2,81.4,81.1,54.4,54.2,Yes,Yes,58.57
STU0929,Female,19,5.8,86.6,52.0,51.7,53.4,Yes,No,51.33
STU0930,Male,19,5.5,85.6,43.3,70.3,65.2,Yes,No,57.12
STU0931,Male,22,1.9,73.4,47.2,86.1,81.8,Yes,Yes,53.83
STU0932,Female,21,6.9,55.7,73.3,43.7,51.3,Yes,No,48.46
STU0933,Male,21,8.4,81.2,86.7,74.6,79.0,Yes,Yes,74.73
STU0934,Male,17,4.4,66.4,42.5,47.2,41.2,Yes,Yes,45.42
STU0935,Female,17,8.0,75.3,80.4,42.2,63.0,Yes,Yes,61.76
STU0936,Male,20,9.7,98.1,58.8,43.2,82.7,No,Yes,61.13
STU0937,Female,22,2.8,73.0,66.3,90.0,58.6,Yes,Yes,59.48
STU0938,Male,21,5.7,92.8,91.1,47.1,71.0,Yes,No,68.99
STU0939,Female,18,3.6,63.5,58.3,42.7,51.3,Yes,No,51.32
STU0940,Female,19,8.1,85.3,65.6,66.3,80.8,Yes,No,55.9
STU0941,Female,17,6.2,99.0,40.8,90.6,42.9,Yes,No,50.66
STU0942,Male,19,6.7,59.6,44.5,55.7,86.9,Yes,Yes,55.76
STU0943,Female,19,8.2,55.4,54.2,65.3,50.9,Yes,Yes,46.22
STU0944,Male,20,4.6,74.5,41.5,42.4,88.1,Yes,No,49.22
STU0945,Male,21,9.2,59.2,74.7,66.9,59.4,Yes,No,50.88
STU0946,Male,17,5.8,88.7,63.5,74.7,79.7,Yes,Yes,61.64
STU0947,Male,19,2.4,96.2,70.1,74.3,57.6,No,Yes,56.88
STU0948,Female,17,7.3,74.5,49.6,59.9,89.8,Yes,Yes,64.37
STU0949,Female,18,8.1,66.6,56.3,58.9,47.0,Yes,No,48.34
STU0950,Male,20,3.9,74.5,76.5,46.4,49.8,Yes,Yes,52.93
STU0951,Male,18,8.7,87.6,93.1,62.0,67.1,Yes,Yes,68.89
STU0952,Female,17,9.2,55.4,42.8,46.0,44.5,Yes,No,43.71
STU0953,Male,17,3.5,81.5,89.0,86.0,50.8,Yes,No,67.18
STU0954,Female,21,9.9,82.6,71.7,98.0,91.9,Yes,No,74.72
STU0955,Male,19,2.3,83.7,71.0,98.2,93.7,Yes,Yes,67.84
STU0956,Male,19,2.8,65.9,67.5,91.9,60.7,No,Yes,56.76
STU0957,Female,18,2.7,87.1,43.8,76.0,90.8,Yes,No,62.85
STU0958,Male,20,9.0,59.1,44.9,82.1,70.0,Yes,Yes,50.32
STU0959,Female,22,6.9,64.0,73.1,57.1,54.8,Yes,Yes,53.1
STU0960,Male,19,2.4,94.5,58.8,77.8,78.6,No,Yes,64.71
STU0961,Male,21,5.0,88.2,90.4,67.3,76.2,Yes,No,70.99
STU0962,Male,18,6.5,55.6,62.4,68.9,94.4,Yes,No,52.0
STU0963,Female,18,1.8,66.2,47.9,85.5,54.6,Yes,Yes,53.11
STU0964,Male,22,8.9,64.6,79.3,56.9,77.0,Yes,Yes,58.76
STU0965,Male,21,8.2,67.2,56.1,59.1,42.9,No,Yes,50.21
STU0966,Male,20,5.5,66.1,68.9,95.5,46.3,Yes,Yes,59.06
STU0967,Male,21,9.7,57.8,78.4,43.4,40.2,Yes,No,54.24
STU0968,Female,20,4.8,75.7,89.5,69.1,95.0,Yes,No,74.0
STU0969,Female,21,9.9,88.0,83.6,94.8,84.1,Yes,Yes,77.8
STU0970,Male,21,7.0,82.3,77.2,76.6,83.3,Yes,Yes,71.87
STU0971,Female,17,6.7,85.3,77.4,72.8,68.0,Yes,No,64.86
STU0972,Male,18,2.5,58.7,92.0,55.0,56.5,Yes,Yes,56.03
STU0973,Male,21,8.9,97.8,56.3,60.6,48.3,Yes,No,59.0
STU0974,Male,22,4.8,92.7,40.1,91.1,55.7,No,Yes,58.65
STU0975,Female,21,2.5,91.2,55.0,73.6,60.7,Yes,No,56.36
STU0976,Female,19,1.1,92.0,52.0,70.9,81.6,Yes,Yes,61.81
STU0977,Female,18,6.0,97.0,76.4,46.0,69.7,Yes,Yes,62.24
STU0978,Female,19,5.7,79.5,74.9,41.0,44.3,Yes,No,49.26
STU0979,Female,18,7.5,64.0,72.6,97.8,41.0,Yes,No,60.97
STU0980,Female,19,9.0,82.8,40.9,62.6,45.6,Yes,Yes,48.76
STU0981,Female,21,1.7,88.4,80.1,76.2,62.6,Yes,Yes,70.9
STU0982,Female,21,7.6,88.2,57.8,44.8,91.3,Yes,No,54.51
STU0983,Female,17,2.7,78.5,76.6,81.0,75.1,Yes,No,62.13
STU0984,Male,22,8.7,58.1,70.6,96.0,84.1,Yes,Yes,63.33
STU0985,Female,19,8.4,71.7,58.9,74.5,65.7,No,Yes,60.31
STU0986,Female,20,5.9,96.4,47.4,47.6,59.9,Yes,No,54.64
STU0987,Female,17,7.4,81.3,45.2,74.9,46.0,Yes,No,52.04
STU0988,Female,19,3.8,79.2,85.7,86.0,88.2,Yes,No,66.13
STU0989,Female,19,5.2,67.1,90.5,64.4,83.1,No,No,60.55
STU0990,Female,17,8.4,71.6,75.7,92.8,49.2,Yes,No,61.08
STU0991,Female,21,5.1,95.3,45.7,78.9,68.2,Yes,Yes,54.01
STU0992,Female,19,4.2,85.0,62.1,94.0,66.8,Yes,Yes,60.58
STU0993,Female,21,5.4,90.4,80.1,77.4,74.4,Yes,No,69.13
STU0994,Female,17,8.5,75.4,82.9,47.9,92.0,Yes,Yes,60.99
STU0995,Female,21,4.0,83.4,46.5,58.6,71.9,Yes,Yes,59.48
STU0996,Male,18,2.6,66.2,40.0,52.1,69.7,Yes,No,51.07
STU0997,Male,20,7.4,86.7,79.2,94.5,42.8,No,Yes,57.44
STU0998,Female,19,8.4,74.2,59.6,85.6,43.5,Yes,Yes,51.01
STU0999,Female,22,1.9,74.9,54.0,80.6,50.3,Yes,Yes,44.47
STU1000,Male,20,3.2,84.2,40.7,58.1,41.8,Yes,No,43.61
STU0021,Female,22,8.0,67.6,76.5,75.0,88.7,Yes,No,64.6
STU0076,Female,18,3.1,57.2,73.4,73.4,63.1,No,No,51.51
